filename,primary_category,people_bucket,cropped_original,colorized_path,topaz_path,person_crops_count,person_crop_paths_json,status,error
1079_Byculla_Church_Bombay_Eastern_Side.jpg,people,one_person,cropped_originals\1079_Byculla_Church_Bombay_Eastern_Side_cropped.jpg,colorized\1079_Byculla_Church_Bombay_Eastern_Side_color.png,full_restored\1079_Byculla_Church_Bombay_Eastern_Side_topaz.jpg,0,[],complete,
1089_Cornwallis_Monument_and_Secretariat_Bombay.jpg,people,group_6_plus,cropped_originals\1089_Cornwallis_Monument_and_Secretariat_Bombay_cropped.jpg,colorized\1089_Cornwallis_Monument_and_Secretariat_Bombay_color.png,full_restored\1089_Cornwallis_Monument_and_Secretariat_Bombay_topaz.jpg,0,[],complete,
1096_The_Protestant_Burial_ground_Bombay_with_Malabar_Hill_in_the_distance.jpg,people,one_person,cropped_originals\1096_The_Protestant_Burial_ground_Bombay_with_Malabar_Hill_in_the_distance_cropped.jpg,colorized\1096_The_Protestant_Burial_ground_Bombay_with_Malabar_Hill_in_the_distance_color.png,full_restored\1096_The_Protestant_Burial_ground_Bombay_with_Malabar_Hill_in_the_distance_topaz.jpg,0,[],complete,
1107_Caves_of_Elephanta_1_The_Entrance.jpg,people,one_person,cropped_originals\1107_Caves_of_Elephanta_1_The_Entrance_cropped.jpg,colorized\1107_Caves_of_Elephanta_1_The_Entrance_color.png,full_restored\1107_Caves_of_Elephanta_1_The_Entrance_topaz.jpg,0,[],complete,
1109_Caves_of_Elephanta_3_The_Water_Cave.jpg,people,group_3_to_5,cropped_originals\1109_Caves_of_Elephanta_3_The_Water_Cave_cropped.jpg,colorized\1109_Caves_of_Elephanta_3_The_Water_Cave_color.png,full_restored\1109_Caves_of_Elephanta_3_The_Water_Cave_topaz.jpg,4,"[""upper_body_crops\\1109_Caves_of_Elephanta_3_The_Water_Cave_person_01.jpg"", ""upper_body_crops\\1109_Caves_of_Elephanta_3_The_Water_Cave_person_02.jpg"", ""upper_body_crops\\1109_Caves_of_Elephanta_3_The_Water_Cave_person_03.jpg"", ""upper_body_crops\\1109_Caves_of_Elephanta_3_The_Water_Cave_person_04.jpg""]",complete,
1110_In_Front_of_the_Custom_House_Bombay.jpg,people,one_person,cropped_originals\1110_In_Front_of_the_Custom_House_Bombay_cropped.jpg,colorized\1110_In_Front_of_the_Custom_House_Bombay_color.png,full_restored\1110_In_Front_of_the_Custom_House_Bombay_topaz.jpg,1,"[""upper_body_crops\\1110_In_Front_of_the_Custom_House_Bombay_person_01.jpg""]",complete,
1111_Caves_of_Elephanta_4_Carved_Recess.jpg,people,two_people,cropped_originals\1111_Caves_of_Elephanta_4_Carved_Recess_cropped.jpg,colorized\1111_Caves_of_Elephanta_4_Carved_Recess_color.png,full_restored\1111_Caves_of_Elephanta_4_Carved_Recess_topaz.jpg,4,"[""upper_body_crops\\1111_Caves_of_Elephanta_4_Carved_Recess_person_01.jpg"", ""upper_body_crops\\1111_Caves_of_Elephanta_4_Carved_Recess_person_02.jpg"", ""upper_body_crops\\1111_Caves_of_Elephanta_4_Carved_Recess_person_03.jpg"", ""upper_body_crops\\1111_Caves_of_Elephanta_4_Carved_Recess_person_04.jpg""]",complete,
1112_Caves_of_Elephanta_5_The_Northern_Aisle.jpg,people,group_6_plus,cropped_originals\1112_Caves_of_Elephanta_5_The_Northern_Aisle_cropped.jpg,colorized\1112_Caves_of_Elephanta_5_The_Northern_Aisle_color.png,full_restored\1112_Caves_of_Elephanta_5_The_Northern_Aisle_topaz.jpg,4,"[""upper_body_crops\\1112_Caves_of_Elephanta_5_The_Northern_Aisle_person_01.jpg"", ""upper_body_crops\\1112_Caves_of_Elephanta_5_The_Northern_Aisle_person_02.jpg"", ""upper_body_crops\\1112_Caves_of_Elephanta_5_The_Northern_Aisle_person_03.jpg"", ""upper_body_crops\\1112_Caves_of_Elephanta_5_The_Northern_Aisle_person_04.jpg""]",complete,
1113_Caves_of_Elephanta_6_From_Northern_Aisle.jpg,people,one_person,cropped_originals\1113_Caves_of_Elephanta_6_From_Northern_Aisle_cropped.jpg,colorized\1113_Caves_of_Elephanta_6_From_Northern_Aisle_color.png,full_restored\1113_Caves_of_Elephanta_6_From_Northern_Aisle_topaz.jpg,2,"[""upper_body_crops\\1113_Caves_of_Elephanta_6_From_Northern_Aisle_person_01.jpg"", ""upper_body_crops\\1113_Caves_of_Elephanta_6_From_Northern_Aisle_person_02.jpg""]",complete,
1114_Caves_of_Elephanta_7_From_the_Water_Cave.jpg,people,two_people,cropped_originals\1114_Caves_of_Elephanta_7_From_the_Water_Cave_cropped.jpg,colorized\1114_Caves_of_Elephanta_7_From_the_Water_Cave_color.png,full_restored\1114_Caves_of_Elephanta_7_From_the_Water_Cave_topaz.jpg,1,"[""upper_body_crops\\1114_Caves_of_Elephanta_7_From_the_Water_Cave_person_01.jpg""]",complete,
1115_Caves_of_Elephanta_8_The_Vista.jpg,people,one_person,cropped_originals\1115_Caves_of_Elephanta_8_The_Vista_cropped.jpg,colorized\1115_Caves_of_Elephanta_8_The_Vista_color.png,full_restored\1115_Caves_of_Elephanta_8_The_Vista_topaz.jpg,1,"[""upper_body_crops\\1115_Caves_of_Elephanta_8_The_Vista_person_01.jpg""]",complete,
1116_Angria_s_Colaba_Small_Fortalice_used_as_Prison.jpg,people,one_person,cropped_originals\1116_Angria_s_Colaba_Small_Fortalice_used_as_Prison_cropped.jpg,colorized\1116_Angria_s_Colaba_Small_Fortalice_used_as_Prison_color.png,full_restored\1116_Angria_s_Colaba_Small_Fortalice_used_as_Prison_topaz.jpg,0,[],complete,
1122_Angria_s_Colaba_Hindu_Temple_in_the_Village.jpg,people,group_3_to_5,cropped_originals\1122_Angria_s_Colaba_Hindu_Temple_in_the_Village_cropped.jpg,colorized\1122_Angria_s_Colaba_Hindu_Temple_in_the_Village_color.png,full_restored\1122_Angria_s_Colaba_Hindu_Temple_in_the_Village_topaz.jpg,1,"[""upper_body_crops\\1122_Angria_s_Colaba_Hindu_Temple_in_the_Village_person_01.jpg""]",complete,
1126_Gorabunder_near_Bassein_The_Landing.jpg,people,group_6_plus,cropped_originals\1126_Gorabunder_near_Bassein_The_Landing_cropped.jpg,colorized\1126_Gorabunder_near_Bassein_The_Landing_color.png,full_restored\1126_Gorabunder_near_Bassein_The_Landing_topaz.jpg,5,"[""upper_body_crops\\1126_Gorabunder_near_Bassein_The_Landing_person_01.jpg"", ""upper_body_crops\\1126_Gorabunder_near_Bassein_The_Landing_person_02.jpg"", ""upper_body_crops\\1126_Gorabunder_near_Bassein_The_Landing_person_03.jpg"", ""upper_body_crops\\1126_Gorabunder_near_Bassein_The_Landing_person_04.jpg"", ""upper_body_crops\\1126_Gorabunder_near_Bassein_The_Landing_person_05.jpg""]",complete,
1127_Bassein_Ruins_of_The_Benedictine_Chapel.jpg,people,one_person,cropped_originals\1127_Bassein_Ruins_of_The_Benedictine_Chapel_cropped.jpg,colorized\1127_Bassein_Ruins_of_The_Benedictine_Chapel_color.png,full_restored\1127_Bassein_Ruins_of_The_Benedictine_Chapel_topaz.jpg,0,[],complete,
1134_Ruined_Temple_of_Ambernath_near_Callian_Principal_Entrance.jpg,people,one_person,cropped_originals\1134_Ruined_Temple_of_Ambernath_near_Callian_Principal_Entrance_cropped.jpg,colorized\1134_Ruined_Temple_of_Ambernath_near_Callian_Principal_Entrance_color.png,full_restored\1134_Ruined_Temple_of_Ambernath_near_Callian_Principal_Entrance_topaz.jpg,2,"[""upper_body_crops\\1134_Ruined_Temple_of_Ambernath_near_Callian_Principal_Entrance_person_01.jpg"", ""upper_body_crops\\1134_Ruined_Temple_of_Ambernath_near_Callian_Principal_Entrance_person_02.jpg""]",complete,
1156_Caves_of_Karlie_3_Carving_right_of_Entrance.jpg,people,two_people,cropped_originals\1156_Caves_of_Karlie_3_Carving_right_of_Entrance_cropped.jpg,colorized\1156_Caves_of_Karlie_3_Carving_right_of_Entrance_color.png,full_restored\1156_Caves_of_Karlie_3_Carving_right_of_Entrance_topaz.jpg,15,"[""upper_body_crops\\1156_Caves_of_Karlie_3_Carving_right_of_Entrance_person_01.jpg"", ""upper_body_crops\\1156_Caves_of_Karlie_3_Carving_right_of_Entrance_person_02.jpg"", ""upper_body_crops\\1156_Caves_of_Karlie_3_Carving_right_of_Entrance_person_03.jpg"", ""upper_body_crops\\1156_Caves_of_Karlie_3_Carving_right_of_Entrance_person_04.jpg"", ""upper_body_crops\\1156_Caves_of_Karlie_3_Carving_right_of_Entrance_person_05.jpg"", ""upper_body_crops\\1156_Caves_of_Karlie_3_Carving_right_of_Entrance_person_06.jpg"", ""upper_body_crops\\1156_Caves_of_Karlie_3_Carving_right_of_Entrance_person_07.jpg"", ""upper_body_crops\\1156_Caves_of_Karlie_3_Carving_right_of_Entrance_person_08.jpg"", ""upper_body_crops\\1156_Caves_of_Karlie_3_Carving_right_of_Entrance_person_09.jpg"", ""upper_body_crops\\1156_Caves_of_Karlie_3_Carving_right_of_Entrance_person_10.jpg"", ""upper_body_crops\\1156_Caves_of_Karlie_3_Carving_right_of_Entrance_person_11.jpg"", ""upper_body_crops\\1156_Caves_of_Karlie_3_Carving_right_of_Entrance_person_12.jpg"", ""upper_body_crops\\1156_Caves_of_Karlie_3_Carving_right_of_Entrance_person_13.jpg"", ""upper_body_crops\\1156_Caves_of_Karlie_3_Carving_right_of_Entrance_person_14.jpg"", ""upper_body_crops\\1156_Caves_of_Karlie_3_Carving_right_of_Entrance_person_15.jpg""]",complete,
1157_Caves_of_Karlie_4_Perspective_View_of_Entrance.jpg,people,group_6_plus,cropped_originals\1157_Caves_of_Karlie_4_Perspective_View_of_Entrance_cropped.jpg,colorized\1157_Caves_of_Karlie_4_Perspective_View_of_Entrance_color.png,full_restored\1157_Caves_of_Karlie_4_Perspective_View_of_Entrance_topaz.jpg,9,"[""upper_body_crops\\1157_Caves_of_Karlie_4_Perspective_View_of_Entrance_person_01.jpg"", ""upper_body_crops\\1157_Caves_of_Karlie_4_Perspective_View_of_Entrance_person_02.jpg"", ""upper_body_crops\\1157_Caves_of_Karlie_4_Perspective_View_of_Entrance_person_03.jpg"", ""upper_body_crops\\1157_Caves_of_Karlie_4_Perspective_View_of_Entrance_person_04.jpg"", ""upper_body_crops\\1157_Caves_of_Karlie_4_Perspective_View_of_Entrance_person_05.jpg"", ""upper_body_crops\\1157_Caves_of_Karlie_4_Perspective_View_of_Entrance_person_06.jpg"", ""upper_body_crops\\1157_Caves_of_Karlie_4_Perspective_View_of_Entrance_person_07.jpg"", ""upper_body_crops\\1157_Caves_of_Karlie_4_Perspective_View_of_Entrance_person_08.jpg"", ""upper_body_crops\\1157_Caves_of_Karlie_4_Perspective_View_of_Entrance_person_09.jpg""]",complete,
1154_Caves_of_Karlie_1_The_Approach.jpg,people,group_3_to_5,cropped_originals\1154_Caves_of_Karlie_1_The_Approach_cropped.jpg,colorized\1154_Caves_of_Karlie_1_The_Approach_color.png,full_restored\1154_Caves_of_Karlie_1_The_Approach_topaz.jpg,0,[],complete,
1159_Bassein_Ruins_of_Entrance_to_the_Inner_Fort.jpg,people,group_6_plus,cropped_originals\1159_Bassein_Ruins_of_Entrance_to_the_Inner_Fort_cropped.jpg,colorized\1159_Bassein_Ruins_of_Entrance_to_the_Inner_Fort_color.png,full_restored\1159_Bassein_Ruins_of_Entrance_to_the_Inner_Fort_topaz.jpg,3,"[""upper_body_crops\\1159_Bassein_Ruins_of_Entrance_to_the_Inner_Fort_person_01.jpg"", ""upper_body_crops\\1159_Bassein_Ruins_of_Entrance_to_the_Inner_Fort_person_02.jpg"", ""upper_body_crops\\1159_Bassein_Ruins_of_Entrance_to_the_Inner_Fort_person_03.jpg""]",complete,
1161_Caves_of_Karlie_7_Attendant_Musicians.jpg,people,group_6_plus,cropped_originals\1161_Caves_of_Karlie_7_Attendant_Musicians_cropped.jpg,colorized\1161_Caves_of_Karlie_7_Attendant_Musicians_color.png,full_restored\1161_Caves_of_Karlie_7_Attendant_Musicians_topaz.jpg,11,"[""upper_body_crops\\1161_Caves_of_Karlie_7_Attendant_Musicians_person_01.jpg"", ""upper_body_crops\\1161_Caves_of_Karlie_7_Attendant_Musicians_person_02.jpg"", ""upper_body_crops\\1161_Caves_of_Karlie_7_Attendant_Musicians_person_03.jpg"", ""upper_body_crops\\1161_Caves_of_Karlie_7_Attendant_Musicians_person_04.jpg"", ""upper_body_crops\\1161_Caves_of_Karlie_7_Attendant_Musicians_person_05.jpg"", ""upper_body_crops\\1161_Caves_of_Karlie_7_Attendant_Musicians_person_06.jpg"", ""upper_body_crops\\1161_Caves_of_Karlie_7_Attendant_Musicians_person_07.jpg"", ""upper_body_crops\\1161_Caves_of_Karlie_7_Attendant_Musicians_person_08.jpg"", ""upper_body_crops\\1161_Caves_of_Karlie_7_Attendant_Musicians_person_09.jpg"", ""upper_body_crops\\1161_Caves_of_Karlie_7_Attendant_Musicians_person_10.jpg"", ""upper_body_crops\\1161_Caves_of_Karlie_7_Attendant_Musicians_person_11.jpg""]",complete,
1169_Fort_Bombay.jpg,people,group_6_plus,cropped_originals\1169_Fort_Bombay_cropped.jpg,colorized\1169_Fort_Bombay_color.png,full_restored\1169_Fort_Bombay_topaz.jpg,7,"[""upper_body_crops\\1169_Fort_Bombay_person_01.jpg"", ""upper_body_crops\\1169_Fort_Bombay_person_02.jpg"", ""upper_body_crops\\1169_Fort_Bombay_person_03.jpg"", ""upper_body_crops\\1169_Fort_Bombay_person_04.jpg"", ""upper_body_crops\\1169_Fort_Bombay_person_05.jpg"", ""upper_body_crops\\1169_Fort_Bombay_person_06.jpg"", ""upper_body_crops\\1169_Fort_Bombay_person_07.jpg""]",complete,
1172_Ruined_Portuguese_Church_Bassien.jpg,people,one_person,cropped_originals\1172_Ruined_Portuguese_Church_Bassien_cropped.jpg,colorized\1172_Ruined_Portuguese_Church_Bassien_color.png,full_restored\1172_Ruined_Portuguese_Church_Bassien_topaz.jpg,0,[],complete,
1177_Boats.jpg,people,one_person,cropped_originals\1177_Boats_cropped.jpg,colorized\1177_Boats_color.png,full_restored\1177_Boats_topaz.jpg,0,[],complete,
1180_Ahmedabhad.jpg,people,group_6_plus,cropped_originals\1180_Ahmedabhad_cropped.jpg,colorized\1180_Ahmedabhad_color.png,full_restored\1180_Ahmedabhad_topaz.jpg,1,"[""upper_body_crops\\1180_Ahmedabhad_person_01.jpg""]",complete,
1183_Ahmedabhad.jpg,people,group_3_to_5,cropped_originals\1183_Ahmedabhad_cropped.jpg,colorized\1183_Ahmedabhad_color.png,full_restored\1183_Ahmedabhad_topaz.jpg,0,[],complete,
1184_Ahmedabhad.jpg,people,group_3_to_5,cropped_originals\1184_Ahmedabhad_cropped.jpg,colorized\1184_Ahmedabhad_color.png,full_restored\1184_Ahmedabhad_topaz.jpg,0,[],complete,
1185_Ahmedabhad.jpg,people,one_person,cropped_originals\1185_Ahmedabhad_cropped.jpg,colorized\1185_Ahmedabhad_color.png,full_restored\1185_Ahmedabhad_topaz.jpg,0,[],complete,
1186_Ahmedabhad.jpg,people,group_6_plus,cropped_originals\1186_Ahmedabhad_cropped.jpg,colorized\1186_Ahmedabhad_color.png,full_restored\1186_Ahmedabhad_topaz.jpg,1,"[""upper_body_crops\\1186_Ahmedabhad_person_01.jpg""]",complete,
1187_English_Steamer_in_Bombay_Harbour.jpg,people,group_6_plus,cropped_originals\1187_English_Steamer_in_Bombay_Harbour_cropped.jpg,colorized\1187_English_Steamer_in_Bombay_Harbour_color.png,full_restored\1187_English_Steamer_in_Bombay_Harbour_topaz.jpg,20,"[""upper_body_crops\\1187_English_Steamer_in_Bombay_Harbour_person_01.jpg"", ""upper_body_crops\\1187_English_Steamer_in_Bombay_Harbour_person_02.jpg"", ""upper_body_crops\\1187_English_Steamer_in_Bombay_Harbour_person_03.jpg"", ""upper_body_crops\\1187_English_Steamer_in_Bombay_Harbour_person_04.jpg"", ""upper_body_crops\\1187_English_Steamer_in_Bombay_Harbour_person_05.jpg"", ""upper_body_crops\\1187_English_Steamer_in_Bombay_Harbour_person_06.jpg"", ""upper_body_crops\\1187_English_Steamer_in_Bombay_Harbour_person_07.jpg"", ""upper_body_crops\\1187_English_Steamer_in_Bombay_Harbour_person_08.jpg"", ""upper_body_crops\\1187_English_Steamer_in_Bombay_Harbour_person_09.jpg"", ""upper_body_crops\\1187_English_Steamer_in_Bombay_Harbour_person_10.jpg"", ""upper_body_crops\\1187_English_Steamer_in_Bombay_Harbour_person_11.jpg"", ""upper_body_crops\\1187_English_Steamer_in_Bombay_Harbour_person_12.jpg"", ""upper_body_crops\\1187_English_Steamer_in_Bombay_Harbour_person_13.jpg"", ""upper_body_crops\\1187_English_Steamer_in_Bombay_Harbour_person_14.jpg"", ""upper_body_crops\\1187_English_Steamer_in_Bombay_Harbour_person_15.jpg"", ""upper_body_crops\\1187_English_Steamer_in_Bombay_Harbour_person_16.jpg"", ""upper_body_crops\\1187_English_Steamer_in_Bombay_Harbour_person_17.jpg"", ""upper_body_crops\\1187_English_Steamer_in_Bombay_Harbour_person_18.jpg"", ""upper_body_crops\\1187_English_Steamer_in_Bombay_Harbour_person_19.jpg"", ""upper_body_crops\\1187_English_Steamer_in_Bombay_Harbour_person_20.jpg""]",complete,
1189_Outlet_of_the_Tank_Sirkejan_Ahmedabad.jpg,people,one_person,cropped_originals\1189_Outlet_of_the_Tank_Sirkejan_Ahmedabad_cropped.jpg,colorized\1189_Outlet_of_the_Tank_Sirkejan_Ahmedabad_color.png,full_restored\1189_Outlet_of_the_Tank_Sirkejan_Ahmedabad_topaz.jpg,0,[],complete,
1191_Ghaut_incline_G_I_P_Ry.jpg,people,group_3_to_5,cropped_originals\1191_Ghaut_incline_G_I_P_Ry_cropped.jpg,colorized\1191_Ghaut_incline_G_I_P_Ry_color.png,full_restored\1191_Ghaut_incline_G_I_P_Ry_topaz.jpg,2,"[""upper_body_crops\\1191_Ghaut_incline_G_I_P_Ry_person_01.jpg"", ""upper_body_crops\\1191_Ghaut_incline_G_I_P_Ry_person_02.jpg""]",complete,
1195_Thull_Ghaut_incline_old_road_with_Cotton_Bullocks_G_I_P_Ry.jpg,people,one_person,cropped_originals\1195_Thull_Ghaut_incline_old_road_with_Cotton_Bullocks_G_I_P_Ry_cropped.jpg,colorized\1195_Thull_Ghaut_incline_old_road_with_Cotton_Bullocks_G_I_P_Ry_color.png,full_restored\1195_Thull_Ghaut_incline_old_road_with_Cotton_Bullocks_G_I_P_Ry_topaz.jpg,0,[],complete,
1199_Town_Hall_Bombay_Cotton_Green_before_Elphinstone_Circle_was_built.jpg,people,group_3_to_5,cropped_originals\1199_Town_Hall_Bombay_Cotton_Green_before_Elphinstone_Circle_was_built_cropped.jpg,colorized\1199_Town_Hall_Bombay_Cotton_Green_before_Elphinstone_Circle_was_built_color.png,full_restored\1199_Town_Hall_Bombay_Cotton_Green_before_Elphinstone_Circle_was_built_topaz.jpg,5,"[""upper_body_crops\\1199_Town_Hall_Bombay_Cotton_Green_before_Elphinstone_Circle_was_built_person_01.jpg"", ""upper_body_crops\\1199_Town_Hall_Bombay_Cotton_Green_before_Elphinstone_Circle_was_built_person_02.jpg"", ""upper_body_crops\\1199_Town_Hall_Bombay_Cotton_Green_before_Elphinstone_Circle_was_built_person_03.jpg"", ""upper_body_crops\\1199_Town_Hall_Bombay_Cotton_Green_before_Elphinstone_Circle_was_built_person_04.jpg"", ""upper_body_crops\\1199_Town_Hall_Bombay_Cotton_Green_before_Elphinstone_Circle_was_built_person_05.jpg""]",complete,
1201_Waee.jpg,people,one_person,cropped_originals\1201_Waee_cropped.jpg,colorized\1201_Waee_color.png,full_restored\1201_Waee_topaz.jpg,0,[],complete,
1202_Tanna.jpg,people,group_3_to_5,cropped_originals\1202_Tanna_cropped.jpg,colorized\1202_Tanna_color.png,full_restored\1202_Tanna_topaz.jpg,1,"[""upper_body_crops\\1202_Tanna_person_01.jpg""]",complete,
1204_Rock_cut_Temples_Ellora.jpg,people,two_people,cropped_originals\1204_Rock_cut_Temples_Ellora_cropped.jpg,colorized\1204_Rock_cut_Temples_Ellora_color.png,full_restored\1204_Rock_cut_Temples_Ellora_topaz.jpg,2,"[""upper_body_crops\\1204_Rock_cut_Temples_Ellora_person_01.jpg"", ""upper_body_crops\\1204_Rock_cut_Temples_Ellora_person_02.jpg""]",complete,
1207_Waee.jpg,people,one_person,cropped_originals\1207_Waee_cropped.jpg,colorized\1207_Waee_color.png,full_restored\1207_Waee_topaz.jpg,0,[],complete,
1212_Depot.jpg,people,two_people,cropped_originals\1212_Depot_cropped.jpg,colorized\1212_Depot_color.png,full_restored\1212_Depot_topaz.jpg,0,[],complete,
1215_Maharatta_Temple.jpg,people,group_3_to_5,cropped_originals\1215_Maharatta_Temple_cropped.jpg,colorized\1215_Maharatta_Temple_color.png,full_restored\1215_Maharatta_Temple_topaz.jpg,3,"[""upper_body_crops\\1215_Maharatta_Temple_person_01.jpg"", ""upper_body_crops\\1215_Maharatta_Temple_person_02.jpg"", ""upper_body_crops\\1215_Maharatta_Temple_person_03.jpg""]",complete,
1217_Parbutti_Temple_Plains_of_Kirkee.jpg,people,group_3_to_5,cropped_originals\1217_Parbutti_Temple_Plains_of_Kirkee_cropped.jpg,colorized\1217_Parbutti_Temple_Plains_of_Kirkee_color.png,full_restored\1217_Parbutti_Temple_Plains_of_Kirkee_topaz.jpg,3,"[""upper_body_crops\\1217_Parbutti_Temple_Plains_of_Kirkee_person_01.jpg"", ""upper_body_crops\\1217_Parbutti_Temple_Plains_of_Kirkee_person_02.jpg"", ""upper_body_crops\\1217_Parbutti_Temple_Plains_of_Kirkee_person_03.jpg""]",complete,
1218_Indian_Village.jpg,people,group_6_plus,cropped_originals\1218_Indian_Village_cropped.jpg,colorized\1218_Indian_Village_color.png,full_restored\1218_Indian_Village_topaz.jpg,7,"[""upper_body_crops\\1218_Indian_Village_person_01.jpg"", ""upper_body_crops\\1218_Indian_Village_person_02.jpg"", ""upper_body_crops\\1218_Indian_Village_person_03.jpg"", ""upper_body_crops\\1218_Indian_Village_person_04.jpg"", ""upper_body_crops\\1218_Indian_Village_person_05.jpg"", ""upper_body_crops\\1218_Indian_Village_person_06.jpg"", ""upper_body_crops\\1218_Indian_Village_person_07.jpg""]",complete,
1223_Temple_on_Ghat.jpg,people,one_person,cropped_originals\1223_Temple_on_Ghat_cropped.jpg,colorized\1223_Temple_on_Ghat_color.png,full_restored\1223_Temple_on_Ghat_topaz.jpg,1,"[""upper_body_crops\\1223_Temple_on_Ghat_person_01.jpg""]",complete,
1225_Deccan_Carts.jpg,people,group_6_plus,cropped_originals\1225_Deccan_Carts_cropped.jpg,colorized\1225_Deccan_Carts_color.png,full_restored\1225_Deccan_Carts_topaz.jpg,2,"[""upper_body_crops\\1225_Deccan_Carts_person_01.jpg"", ""upper_body_crops\\1225_Deccan_Carts_person_02.jpg""]",complete,
1226_Parbutti_Temple_in_Poona.jpg,people,one_person,cropped_originals\1226_Parbutti_Temple_in_Poona_cropped.jpg,colorized\1226_Parbutti_Temple_in_Poona_color.png,full_restored\1226_Parbutti_Temple_in_Poona_topaz.jpg,1,"[""upper_body_crops\\1226_Parbutti_Temple_in_Poona_person_01.jpg""]",complete,
1231_Temple_of_Kundoba_Jajoori.jpg,people,group_6_plus,cropped_originals\1231_Temple_of_Kundoba_Jajoori_cropped.jpg,colorized\1231_Temple_of_Kundoba_Jajoori_color.png,full_restored\1231_Temple_of_Kundoba_Jajoori_topaz.jpg,3,"[""upper_body_crops\\1231_Temple_of_Kundoba_Jajoori_person_01.jpg"", ""upper_body_crops\\1231_Temple_of_Kundoba_Jajoori_person_02.jpg"", ""upper_body_crops\\1231_Temple_of_Kundoba_Jajoori_person_03.jpg""]",complete,
1232_Hindu_Temple.jpg,people,one_person,cropped_originals\1232_Hindu_Temple_cropped.jpg,colorized\1232_Hindu_Temple_color.png,full_restored\1232_Hindu_Temple_topaz.jpg,0,[],complete,
1233_Maharatta_Poona_Temple.jpg,people,group_3_to_5,cropped_originals\1233_Maharatta_Poona_Temple_cropped.jpg,colorized\1233_Maharatta_Poona_Temple_color.png,full_restored\1233_Maharatta_Poona_Temple_topaz.jpg,3,"[""upper_body_crops\\1233_Maharatta_Poona_Temple_person_01.jpg"", ""upper_body_crops\\1233_Maharatta_Poona_Temple_person_02.jpg"", ""upper_body_crops\\1233_Maharatta_Poona_Temple_person_03.jpg""]",complete,
1237_Rock_cut_Temples.jpg,people,group_6_plus,cropped_originals\1237_Rock_cut_Temples_cropped.jpg,colorized\1237_Rock_cut_Temples_color.png,full_restored\1237_Rock_cut_Temples_topaz.jpg,1,"[""upper_body_crops\\1237_Rock_cut_Temples_person_01.jpg""]",complete,
1240_Tree_and_Bridge.jpg,people,two_people,cropped_originals\1240_Tree_and_Bridge_cropped.jpg,colorized\1240_Tree_and_Bridge_color.png,full_restored\1240_Tree_and_Bridge_topaz.jpg,1,"[""upper_body_crops\\1240_Tree_and_Bridge_person_01.jpg""]",complete,
1248_Great_Gun_Beejapoor.jpg,people,two_people,cropped_originals\1248_Great_Gun_Beejapoor_cropped.jpg,colorized\1248_Great_Gun_Beejapoor_color.png,full_restored\1248_Great_Gun_Beejapoor_topaz.jpg,3,"[""upper_body_crops\\1248_Great_Gun_Beejapoor_person_01.jpg"", ""upper_body_crops\\1248_Great_Gun_Beejapoor_person_02.jpg"", ""upper_body_crops\\1248_Great_Gun_Beejapoor_person_03.jpg""]",complete,
1251_The_Great_Tank_Beejapoor.jpg,people,two_people,cropped_originals\1251_The_Great_Tank_Beejapoor_cropped.jpg,colorized\1251_The_Great_Tank_Beejapoor_color.png,full_restored\1251_The_Great_Tank_Beejapoor_topaz.jpg,0,[],complete,
1255_Bridge_Construction.jpg,people,group_6_plus,cropped_originals\1255_Bridge_Construction_cropped.jpg,colorized\1255_Bridge_Construction_color.png,full_restored\1255_Bridge_Construction_topaz.jpg,5,"[""upper_body_crops\\1255_Bridge_Construction_person_01.jpg"", ""upper_body_crops\\1255_Bridge_Construction_person_02.jpg"", ""upper_body_crops\\1255_Bridge_Construction_person_03.jpg"", ""upper_body_crops\\1255_Bridge_Construction_person_04.jpg"", ""upper_body_crops\\1255_Bridge_Construction_person_05.jpg""]",complete,
1258_Mahowlee_near_Saltara.jpg,people,one_person,cropped_originals\1258_Mahowlee_near_Saltara_cropped.jpg,colorized\1258_Mahowlee_near_Saltara_color.png,full_restored\1258_Mahowlee_near_Saltara_topaz.jpg,0,[],complete,
1259_Temple_of_Siva.jpg,people,one_person,cropped_originals\1259_Temple_of_Siva_cropped.jpg,colorized\1259_Temple_of_Siva_color.png,full_restored\1259_Temple_of_Siva_topaz.jpg,0,[],complete,
1260_Temple_of_Siva_Mahades_Source_of_Chrisna_Mahabuleshwar.jpg,people,group_6_plus,cropped_originals\1260_Temple_of_Siva_Mahades_Source_of_Chrisna_Mahabuleshwar_cropped.jpg,colorized\1260_Temple_of_Siva_Mahades_Source_of_Chrisna_Mahabuleshwar_color.png,full_restored\1260_Temple_of_Siva_Mahades_Source_of_Chrisna_Mahabuleshwar_topaz.jpg,4,"[""upper_body_crops\\1260_Temple_of_Siva_Mahades_Source_of_Chrisna_Mahabuleshwar_person_01.jpg"", ""upper_body_crops\\1260_Temple_of_Siva_Mahades_Source_of_Chrisna_Mahabuleshwar_person_02.jpg"", ""upper_body_crops\\1260_Temple_of_Siva_Mahades_Source_of_Chrisna_Mahabuleshwar_person_03.jpg"", ""upper_body_crops\\1260_Temple_of_Siva_Mahades_Source_of_Chrisna_Mahabuleshwar_person_04.jpg""]",complete,
670_Parsee_Ladies.jpg,people,group_3_to_5,cropped_originals\670_Parsee_Ladies_cropped.jpg,colorized\670_Parsee_Ladies_color.png,full_restored\670_Parsee_Ladies_topaz.jpg,4,"[""upper_body_crops\\670_Parsee_Ladies_person_01.jpg"", ""upper_body_crops\\670_Parsee_Ladies_person_02.jpg"", ""upper_body_crops\\670_Parsee_Ladies_person_03.jpg"", ""upper_body_crops\\670_Parsee_Ladies_person_04.jpg""]",complete,
1261_Temples_at_source_of_Chrisna_Mahabuleshwar.jpg,people,two_people,cropped_originals\1261_Temples_at_source_of_Chrisna_Mahabuleshwar_cropped.jpg,colorized\1261_Temples_at_source_of_Chrisna_Mahabuleshwar_color.png,full_restored\1261_Temples_at_source_of_Chrisna_Mahabuleshwar_topaz.jpg,1,"[""upper_body_crops\\1261_Temples_at_source_of_Chrisna_Mahabuleshwar_person_01.jpg""]",complete,
671_Bhattia_Women.jpg,people,group_3_to_5,cropped_originals\671_Bhattia_Women_cropped.jpg,colorized\671_Bhattia_Women_color.png,full_restored\671_Bhattia_Women_topaz.jpg,3,"[""upper_body_crops\\671_Bhattia_Women_person_01.jpg"", ""upper_body_crops\\671_Bhattia_Women_person_02.jpg"", ""upper_body_crops\\671_Bhattia_Women_person_03.jpg""]",complete,
672_Canarese_Brahmins.jpg,people,two_people,cropped_originals\672_Canarese_Brahmins_cropped.jpg,colorized\672_Canarese_Brahmins_color.png,full_restored\672_Canarese_Brahmins_topaz.jpg,2,"[""upper_body_crops\\672_Canarese_Brahmins_person_01.jpg"", ""upper_body_crops\\672_Canarese_Brahmins_person_02.jpg""]",complete,
673_Parsee_Children.jpg,people,group_6_plus,cropped_originals\673_Parsee_Children_cropped.jpg,colorized\673_Parsee_Children_color.png,full_restored\673_Parsee_Children_topaz.jpg,6,"[""upper_body_crops\\673_Parsee_Children_person_01.jpg"", ""upper_body_crops\\673_Parsee_Children_person_02.jpg"", ""upper_body_crops\\673_Parsee_Children_person_03.jpg"", ""upper_body_crops\\673_Parsee_Children_person_04.jpg"", ""upper_body_crops\\673_Parsee_Children_person_05.jpg"", ""upper_body_crops\\673_Parsee_Children_person_06.jpg""]",complete,
674_Gosaee_Women.jpg,people,group_3_to_5,cropped_originals\674_Gosaee_Women_cropped.jpg,colorized\674_Gosaee_Women_color.png,full_restored\674_Gosaee_Women_topaz.jpg,5,"[""upper_body_crops\\674_Gosaee_Women_person_01.jpg"", ""upper_body_crops\\674_Gosaee_Women_person_02.jpg"", ""upper_body_crops\\674_Gosaee_Women_person_03.jpg"", ""upper_body_crops\\674_Gosaee_Women_person_04.jpg"", ""upper_body_crops\\674_Gosaee_Women_person_05.jpg""]",complete,
675_Fisherwomen_of_Bombay.jpg,people,group_3_to_5,cropped_originals\675_Fisherwomen_of_Bombay_cropped.jpg,colorized\675_Fisherwomen_of_Bombay_color.png,full_restored\675_Fisherwomen_of_Bombay_topaz.jpg,5,"[""upper_body_crops\\675_Fisherwomen_of_Bombay_person_01.jpg"", ""upper_body_crops\\675_Fisherwomen_of_Bombay_person_02.jpg"", ""upper_body_crops\\675_Fisherwomen_of_Bombay_person_03.jpg"", ""upper_body_crops\\675_Fisherwomen_of_Bombay_person_04.jpg"", ""upper_body_crops\\675_Fisherwomen_of_Bombay_person_05.jpg""]",complete,
677_Bombay_Police.jpg,people,group_3_to_5,cropped_originals\677_Bombay_Police_cropped.jpg,colorized\677_Bombay_Police_color.png,full_restored\677_Bombay_Police_topaz.jpg,4,"[""upper_body_crops\\677_Bombay_Police_person_01.jpg"", ""upper_body_crops\\677_Bombay_Police_person_02.jpg"", ""upper_body_crops\\677_Bombay_Police_person_03.jpg"", ""upper_body_crops\\677_Bombay_Police_person_04.jpg""]",complete,
676_Coolies.jpg,people,two_people,cropped_originals\676_Coolies_cropped.jpg,colorized\676_Coolies_color.png,full_restored\676_Coolies_topaz.jpg,5,"[""upper_body_crops\\676_Coolies_person_01.jpg"", ""upper_body_crops\\676_Coolies_person_02.jpg"", ""upper_body_crops\\676_Coolies_person_03.jpg"", ""upper_body_crops\\676_Coolies_person_04.jpg"", ""upper_body_crops\\676_Coolies_person_05.jpg""]",complete,
678_Madrassee_Shoemakers.jpg,people,group_6_plus,cropped_originals\678_Madrassee_Shoemakers_cropped.jpg,colorized\678_Madrassee_Shoemakers_color.png,full_restored\678_Madrassee_Shoemakers_topaz.jpg,5,"[""upper_body_crops\\678_Madrassee_Shoemakers_person_01.jpg"", ""upper_body_crops\\678_Madrassee_Shoemakers_person_02.jpg"", ""upper_body_crops\\678_Madrassee_Shoemakers_person_03.jpg"", ""upper_body_crops\\678_Madrassee_Shoemakers_person_04.jpg"", ""upper_body_crops\\678_Madrassee_Shoemakers_person_05.jpg""]",complete,
679_Bengalee_Hamalls_or_Bearers.jpg,people,group_3_to_5,cropped_originals\679_Bengalee_Hamalls_or_Bearers_cropped.jpg,colorized\679_Bengalee_Hamalls_or_Bearers_color.png,full_restored\679_Bengalee_Hamalls_or_Bearers_topaz.jpg,4,"[""upper_body_crops\\679_Bengalee_Hamalls_or_Bearers_person_01.jpg"", ""upper_body_crops\\679_Bengalee_Hamalls_or_Bearers_person_02.jpg"", ""upper_body_crops\\679_Bengalee_Hamalls_or_Bearers_person_03.jpg"", ""upper_body_crops\\679_Bengalee_Hamalls_or_Bearers_person_04.jpg""]",complete,
680_A_Hindu_Bridegroom.jpg,people,group_6_plus,cropped_originals\680_A_Hindu_Bridegroom_cropped.jpg,colorized\680_A_Hindu_Bridegroom_color.png,full_restored\680_A_Hindu_Bridegroom_topaz.jpg,6,"[""upper_body_crops\\680_A_Hindu_Bridegroom_person_01.jpg"", ""upper_body_crops\\680_A_Hindu_Bridegroom_person_02.jpg"", ""upper_body_crops\\680_A_Hindu_Bridegroom_person_03.jpg"", ""upper_body_crops\\680_A_Hindu_Bridegroom_person_04.jpg"", ""upper_body_crops\\680_A_Hindu_Bridegroom_person_05.jpg"", ""upper_body_crops\\680_A_Hindu_Bridegroom_person_06.jpg""]",complete,
681_The_Quarter_Deck_of_a_Country_Ship.jpg,people,group_6_plus,cropped_originals\681_The_Quarter_Deck_of_a_Country_Ship_cropped.jpg,colorized\681_The_Quarter_Deck_of_a_Country_Ship_color.png,full_restored\681_The_Quarter_Deck_of_a_Country_Ship_topaz.jpg,21,"[""upper_body_crops\\681_The_Quarter_Deck_of_a_Country_Ship_person_01.jpg"", ""upper_body_crops\\681_The_Quarter_Deck_of_a_Country_Ship_person_02.jpg"", ""upper_body_crops\\681_The_Quarter_Deck_of_a_Country_Ship_person_03.jpg"", ""upper_body_crops\\681_The_Quarter_Deck_of_a_Country_Ship_person_04.jpg"", ""upper_body_crops\\681_The_Quarter_Deck_of_a_Country_Ship_person_05.jpg"", ""upper_body_crops\\681_The_Quarter_Deck_of_a_Country_Ship_person_06.jpg"", ""upper_body_crops\\681_The_Quarter_Deck_of_a_Country_Ship_person_07.jpg"", ""upper_body_crops\\681_The_Quarter_Deck_of_a_Country_Ship_person_08.jpg"", ""upper_body_crops\\681_The_Quarter_Deck_of_a_Country_Ship_person_09.jpg"", ""upper_body_crops\\681_The_Quarter_Deck_of_a_Country_Ship_person_10.jpg"", ""upper_body_crops\\681_The_Quarter_Deck_of_a_Country_Ship_person_11.jpg"", ""upper_body_crops\\681_The_Quarter_Deck_of_a_Country_Ship_person_12.jpg"", ""upper_body_crops\\681_The_Quarter_Deck_of_a_Country_Ship_person_13.jpg"", ""upper_body_crops\\681_The_Quarter_Deck_of_a_Country_Ship_person_14.jpg"", ""upper_body_crops\\681_The_Quarter_Deck_of_a_Country_Ship_person_15.jpg"", ""upper_body_crops\\681_The_Quarter_Deck_of_a_Country_Ship_person_16.jpg"", ""upper_body_crops\\681_The_Quarter_Deck_of_a_Country_Ship_person_17.jpg"", ""upper_body_crops\\681_The_Quarter_Deck_of_a_Country_Ship_person_18.jpg"", ""upper_body_crops\\681_The_Quarter_Deck_of_a_Country_Ship_person_19.jpg"", ""upper_body_crops\\681_The_Quarter_Deck_of_a_Country_Ship_person_20.jpg"", ""upper_body_crops\\681_The_Quarter_Deck_of_a_Country_Ship_person_21.jpg""]",complete,
682_Bene_Israel_Teachers.jpg,people,two_people,cropped_originals\682_Bene_Israel_Teachers_cropped.jpg,colorized\682_Bene_Israel_Teachers_color.png,full_restored\682_Bene_Israel_Teachers_topaz.jpg,2,"[""upper_body_crops\\682_Bene_Israel_Teachers_person_01.jpg"", ""upper_body_crops\\682_Bene_Israel_Teachers_person_02.jpg""]",complete,
683_Goanese.jpg,people,group_3_to_5,cropped_originals\683_Goanese_cropped.jpg,colorized\683_Goanese_color.png,full_restored\683_Goanese_topaz.jpg,4,"[""upper_body_crops\\683_Goanese_person_01.jpg"", ""upper_body_crops\\683_Goanese_person_02.jpg"", ""upper_body_crops\\683_Goanese_person_03.jpg"", ""upper_body_crops\\683_Goanese_person_04.jpg""]",complete,
688_Ahmedabad.jpg,people,group_6_plus,cropped_originals\688_Ahmedabad_cropped.jpg,colorized\688_Ahmedabad_color.png,full_restored\688_Ahmedabad_topaz.jpg,0,[],complete,
690_The_Chowpattee_of_Former_Days_Bombay.jpg,people,two_people,cropped_originals\690_The_Chowpattee_of_Former_Days_Bombay_cropped.jpg,colorized\690_The_Chowpattee_of_Former_Days_Bombay_color.png,full_restored\690_The_Chowpattee_of_Former_Days_Bombay_topaz.jpg,0,[],complete,
693_Train_on_bridge.jpg,people,two_people,cropped_originals\693_Train_on_bridge_cropped.jpg,colorized\693_Train_on_bridge_color.png,full_restored\693_Train_on_bridge_topaz.jpg,2,"[""upper_body_crops\\693_Train_on_bridge_person_01.jpg"", ""upper_body_crops\\693_Train_on_bridge_person_02.jpg""]",complete,
700_Caves_of_Karlie_5_Left_Recess_of_Porch.jpg,people,group_3_to_5,cropped_originals\700_Caves_of_Karlie_5_Left_Recess_of_Porch_cropped.jpg,colorized\700_Caves_of_Karlie_5_Left_Recess_of_Porch_color.png,full_restored\700_Caves_of_Karlie_5_Left_Recess_of_Porch_topaz.jpg,9,"[""upper_body_crops\\700_Caves_of_Karlie_5_Left_Recess_of_Porch_person_01.jpg"", ""upper_body_crops\\700_Caves_of_Karlie_5_Left_Recess_of_Porch_person_02.jpg"", ""upper_body_crops\\700_Caves_of_Karlie_5_Left_Recess_of_Porch_person_03.jpg"", ""upper_body_crops\\700_Caves_of_Karlie_5_Left_Recess_of_Porch_person_04.jpg"", ""upper_body_crops\\700_Caves_of_Karlie_5_Left_Recess_of_Porch_person_05.jpg"", ""upper_body_crops\\700_Caves_of_Karlie_5_Left_Recess_of_Porch_person_06.jpg"", ""upper_body_crops\\700_Caves_of_Karlie_5_Left_Recess_of_Porch_person_07.jpg"", ""upper_body_crops\\700_Caves_of_Karlie_5_Left_Recess_of_Porch_person_08.jpg"", ""upper_body_crops\\700_Caves_of_Karlie_5_Left_Recess_of_Porch_person_09.jpg""]",complete,
702_Railway_Viaduct_on_the_Thul_Ghaut_line.jpg,people,two_people,cropped_originals\702_Railway_Viaduct_on_the_Thul_Ghaut_line_cropped.jpg,colorized\702_Railway_Viaduct_on_the_Thul_Ghaut_line_color.png,full_restored\702_Railway_Viaduct_on_the_Thul_Ghaut_line_topaz.jpg,2,"[""upper_body_crops\\702_Railway_Viaduct_on_the_Thul_Ghaut_line_person_01.jpg"", ""upper_body_crops\\702_Railway_Viaduct_on_the_Thul_Ghaut_line_person_02.jpg""]",complete,
708_Nagar_Brahmins.jpg,people,group_6_plus,cropped_originals\708_Nagar_Brahmins_cropped.jpg,colorized\708_Nagar_Brahmins_color.png,full_restored\708_Nagar_Brahmins_topaz.jpg,8,"[""upper_body_crops\\708_Nagar_Brahmins_person_01.jpg"", ""upper_body_crops\\708_Nagar_Brahmins_person_02.jpg"", ""upper_body_crops\\708_Nagar_Brahmins_person_03.jpg"", ""upper_body_crops\\708_Nagar_Brahmins_person_04.jpg"", ""upper_body_crops\\708_Nagar_Brahmins_person_05.jpg"", ""upper_body_crops\\708_Nagar_Brahmins_person_06.jpg"", ""upper_body_crops\\708_Nagar_Brahmins_person_07.jpg"", ""upper_body_crops\\708_Nagar_Brahmins_person_08.jpg""]",complete,
709_Nagar_Brahmin_Women.jpg,people,two_people,cropped_originals\709_Nagar_Brahmin_Women_cropped.jpg,colorized\709_Nagar_Brahmin_Women_color.png,full_restored\709_Nagar_Brahmin_Women_topaz.jpg,2,"[""upper_body_crops\\709_Nagar_Brahmin_Women_person_01.jpg"", ""upper_body_crops\\709_Nagar_Brahmin_Women_person_02.jpg""]",complete,
710_Owditch_or_Water_Brahmin.jpg,people,group_3_to_5,cropped_originals\710_Owditch_or_Water_Brahmin_cropped.jpg,colorized\710_Owditch_or_Water_Brahmin_color.png,full_restored\710_Owditch_or_Water_Brahmin_topaz.jpg,3,"[""upper_body_crops\\710_Owditch_or_Water_Brahmin_person_01.jpg"", ""upper_body_crops\\710_Owditch_or_Water_Brahmin_person_02.jpg"", ""upper_body_crops\\710_Owditch_or_Water_Brahmin_person_03.jpg""]",complete,
712_Vulbacharya_Maharajas.jpg,people,group_6_plus,cropped_originals\712_Vulbacharya_Maharajas_cropped.jpg,colorized\712_Vulbacharya_Maharajas_color.png,full_restored\712_Vulbacharya_Maharajas_topaz.jpg,5,"[""upper_body_crops\\712_Vulbacharya_Maharajas_person_01.jpg"", ""upper_body_crops\\712_Vulbacharya_Maharajas_person_02.jpg"", ""upper_body_crops\\712_Vulbacharya_Maharajas_person_03.jpg"", ""upper_body_crops\\712_Vulbacharya_Maharajas_person_04.jpg"", ""upper_body_crops\\712_Vulbacharya_Maharajas_person_05.jpg""]",complete,
711_Smarth_Brahmins.jpg,people,two_people,cropped_originals\711_Smarth_Brahmins_cropped.jpg,colorized\711_Smarth_Brahmins_color.png,full_restored\711_Smarth_Brahmins_topaz.jpg,2,"[""upper_body_crops\\711_Smarth_Brahmins_person_01.jpg"", ""upper_body_crops\\711_Smarth_Brahmins_person_02.jpg""]",complete,
713_A_Kyast_Banian_Family_of_Surat.jpg,people,group_3_to_5,cropped_originals\713_A_Kyast_Banian_Family_of_Surat_cropped.jpg,colorized\713_A_Kyast_Banian_Family_of_Surat_color.png,full_restored\713_A_Kyast_Banian_Family_of_Surat_topaz.jpg,4,"[""upper_body_crops\\713_A_Kyast_Banian_Family_of_Surat_person_01.jpg"", ""upper_body_crops\\713_A_Kyast_Banian_Family_of_Surat_person_02.jpg"", ""upper_body_crops\\713_A_Kyast_Banian_Family_of_Surat_person_03.jpg"", ""upper_body_crops\\713_A_Kyast_Banian_Family_of_Surat_person_04.jpg""]",complete,
716_Banians_of_Damnaggar_Kutch.jpg,people,group_6_plus,cropped_originals\716_Banians_of_Damnaggar_Kutch_cropped.jpg,colorized\716_Banians_of_Damnaggar_Kutch_color.png,full_restored\716_Banians_of_Damnaggar_Kutch_topaz.jpg,4,"[""upper_body_crops\\716_Banians_of_Damnaggar_Kutch_person_01.jpg"", ""upper_body_crops\\716_Banians_of_Damnaggar_Kutch_person_02.jpg"", ""upper_body_crops\\716_Banians_of_Damnaggar_Kutch_person_03.jpg"", ""upper_body_crops\\716_Banians_of_Damnaggar_Kutch_person_04.jpg""]",complete,
714_Banians_of_Surat_Gogo_and_Ahmedabad.jpg,people,group_6_plus,cropped_originals\714_Banians_of_Surat_Gogo_and_Ahmedabad_cropped.jpg,colorized\714_Banians_of_Surat_Gogo_and_Ahmedabad_color.png,full_restored\714_Banians_of_Surat_Gogo_and_Ahmedabad_topaz.jpg,5,"[""upper_body_crops\\714_Banians_of_Surat_Gogo_and_Ahmedabad_person_01.jpg"", ""upper_body_crops\\714_Banians_of_Surat_Gogo_and_Ahmedabad_person_02.jpg"", ""upper_body_crops\\714_Banians_of_Surat_Gogo_and_Ahmedabad_person_03.jpg"", ""upper_body_crops\\714_Banians_of_Surat_Gogo_and_Ahmedabad_person_04.jpg"", ""upper_body_crops\\714_Banians_of_Surat_Gogo_and_Ahmedabad_person_05.jpg""]",complete,
715_Banian_Women.jpg,people,two_people,cropped_originals\715_Banian_Women_cropped.jpg,colorized\715_Banian_Women_color.png,full_restored\715_Banian_Women_topaz.jpg,2,"[""upper_body_crops\\715_Banian_Women_person_01.jpg"", ""upper_body_crops\\715_Banian_Women_person_02.jpg""]",complete,
718_Rajpoots.jpg,people,group_3_to_5,cropped_originals\718_Rajpoots_cropped.jpg,colorized\718_Rajpoots_color.png,full_restored\718_Rajpoots_topaz.jpg,4,"[""upper_body_crops\\718_Rajpoots_person_01.jpg"", ""upper_body_crops\\718_Rajpoots_person_02.jpg"", ""upper_body_crops\\718_Rajpoots_person_03.jpg"", ""upper_body_crops\\718_Rajpoots_person_04.jpg""]",complete,
719_Lowana_Women.jpg,people,group_3_to_5,cropped_originals\719_Lowana_Women_cropped.jpg,colorized\719_Lowana_Women_color.png,full_restored\719_Lowana_Women_topaz.jpg,3,"[""upper_body_crops\\719_Lowana_Women_person_01.jpg"", ""upper_body_crops\\719_Lowana_Women_person_02.jpg"", ""upper_body_crops\\719_Lowana_Women_person_03.jpg""]",complete,
717_Bhattias.jpg,people,group_3_to_5,cropped_originals\717_Bhattias_cropped.jpg,colorized\717_Bhattias_color.png,full_restored\717_Bhattias_topaz.jpg,4,"[""upper_body_crops\\717_Bhattias_person_01.jpg"", ""upper_body_crops\\717_Bhattias_person_02.jpg"", ""upper_body_crops\\717_Bhattias_person_03.jpg"", ""upper_body_crops\\717_Bhattias_person_04.jpg""]",complete,
720_Baroots.jpg,people,group_3_to_5,cropped_originals\720_Baroots_cropped.jpg,colorized\720_Baroots_color.png,full_restored\720_Baroots_topaz.jpg,4,"[""upper_body_crops\\720_Baroots_person_01.jpg"", ""upper_body_crops\\720_Baroots_person_02.jpg"", ""upper_body_crops\\720_Baroots_person_03.jpg"", ""upper_body_crops\\720_Baroots_person_04.jpg""]",complete,
722_Golas_or_Hereditary_Slaves_of_Kattiawar.jpg,people,group_6_plus,cropped_originals\722_Golas_or_Hereditary_Slaves_of_Kattiawar_cropped.jpg,colorized\722_Golas_or_Hereditary_Slaves_of_Kattiawar_color.png,full_restored\722_Golas_or_Hereditary_Slaves_of_Kattiawar_topaz.jpg,5,"[""upper_body_crops\\722_Golas_or_Hereditary_Slaves_of_Kattiawar_person_01.jpg"", ""upper_body_crops\\722_Golas_or_Hereditary_Slaves_of_Kattiawar_person_02.jpg"", ""upper_body_crops\\722_Golas_or_Hereditary_Slaves_of_Kattiawar_person_03.jpg"", ""upper_body_crops\\722_Golas_or_Hereditary_Slaves_of_Kattiawar_person_04.jpg"", ""upper_body_crops\\722_Golas_or_Hereditary_Slaves_of_Kattiawar_person_05.jpg""]",complete,
721_Bhats.jpg,people,group_3_to_5,cropped_originals\721_Bhats_cropped.jpg,colorized\721_Bhats_color.png,full_restored\721_Bhats_topaz.jpg,2,"[""upper_body_crops\\721_Bhats_person_01.jpg"", ""upper_body_crops\\721_Bhats_person_02.jpg""]",complete,
724_Sadhoos_of_Gujarat.jpg,people,group_3_to_5,cropped_originals\724_Sadhoos_of_Gujarat_cropped.jpg,colorized\724_Sadhoos_of_Gujarat_color.png,full_restored\724_Sadhoos_of_Gujarat_topaz.jpg,4,"[""upper_body_crops\\724_Sadhoos_of_Gujarat_person_01.jpg"", ""upper_body_crops\\724_Sadhoos_of_Gujarat_person_02.jpg"", ""upper_body_crops\\724_Sadhoos_of_Gujarat_person_03.jpg"", ""upper_body_crops\\724_Sadhoos_of_Gujarat_person_04.jpg""]",complete,
723_Comfortable_Gosavis.jpg,people,group_3_to_5,cropped_originals\723_Comfortable_Gosavis_cropped.jpg,colorized\723_Comfortable_Gosavis_color.png,full_restored\723_Comfortable_Gosavis_topaz.jpg,2,"[""upper_body_crops\\723_Comfortable_Gosavis_person_01.jpg"", ""upper_body_crops\\723_Comfortable_Gosavis_person_02.jpg""]",complete,
725_Coombhars_or_Potters.jpg,people,group_6_plus,cropped_originals\725_Coombhars_or_Potters_cropped.jpg,colorized\725_Coombhars_or_Potters_color.png,full_restored\725_Coombhars_or_Potters_topaz.jpg,6,"[""upper_body_crops\\725_Coombhars_or_Potters_person_01.jpg"", ""upper_body_crops\\725_Coombhars_or_Potters_person_02.jpg"", ""upper_body_crops\\725_Coombhars_or_Potters_person_03.jpg"", ""upper_body_crops\\725_Coombhars_or_Potters_person_04.jpg"", ""upper_body_crops\\725_Coombhars_or_Potters_person_05.jpg"", ""upper_body_crops\\725_Coombhars_or_Potters_person_06.jpg""]",complete,
726_Dhed_Women_of_Surat.jpg,people,group_3_to_5,cropped_originals\726_Dhed_Women_of_Surat_cropped.jpg,colorized\726_Dhed_Women_of_Surat_color.png,full_restored\726_Dhed_Women_of_Surat_topaz.jpg,3,"[""upper_body_crops\\726_Dhed_Women_of_Surat_person_01.jpg"", ""upper_body_crops\\726_Dhed_Women_of_Surat_person_02.jpg"", ""upper_body_crops\\726_Dhed_Women_of_Surat_person_03.jpg""]",complete,
727_Goojeratte_Children.jpg,people,group_6_plus,cropped_originals\727_Goojeratte_Children_cropped.jpg,colorized\727_Goojeratte_Children_color.png,full_restored\727_Goojeratte_Children_topaz.jpg,33,"[""upper_body_crops\\727_Goojeratte_Children_person_01.jpg"", ""upper_body_crops\\727_Goojeratte_Children_person_02.jpg"", ""upper_body_crops\\727_Goojeratte_Children_person_03.jpg"", ""upper_body_crops\\727_Goojeratte_Children_person_04.jpg"", ""upper_body_crops\\727_Goojeratte_Children_person_05.jpg"", ""upper_body_crops\\727_Goojeratte_Children_person_06.jpg"", ""upper_body_crops\\727_Goojeratte_Children_person_07.jpg"", ""upper_body_crops\\727_Goojeratte_Children_person_08.jpg"", ""upper_body_crops\\727_Goojeratte_Children_person_09.jpg"", ""upper_body_crops\\727_Goojeratte_Children_person_10.jpg"", ""upper_body_crops\\727_Goojeratte_Children_person_11.jpg"", ""upper_body_crops\\727_Goojeratte_Children_person_12.jpg"", ""upper_body_crops\\727_Goojeratte_Children_person_13.jpg"", ""upper_body_crops\\727_Goojeratte_Children_person_14.jpg"", ""upper_body_crops\\727_Goojeratte_Children_person_15.jpg"", ""upper_body_crops\\727_Goojeratte_Children_person_16.jpg"", ""upper_body_crops\\727_Goojeratte_Children_person_17.jpg"", ""upper_body_crops\\727_Goojeratte_Children_person_18.jpg"", ""upper_body_crops\\727_Goojeratte_Children_person_19.jpg"", ""upper_body_crops\\727_Goojeratte_Children_person_20.jpg"", ""upper_body_crops\\727_Goojeratte_Children_person_21.jpg"", ""upper_body_crops\\727_Goojeratte_Children_person_22.jpg"", ""upper_body_crops\\727_Goojeratte_Children_person_23.jpg"", ""upper_body_crops\\727_Goojeratte_Children_person_24.jpg"", ""upper_body_crops\\727_Goojeratte_Children_person_25.jpg"", ""upper_body_crops\\727_Goojeratte_Children_person_26.jpg"", ""upper_body_crops\\727_Goojeratte_Children_person_27.jpg"", ""upper_body_crops\\727_Goojeratte_Children_person_28.jpg"", ""upper_body_crops\\727_Goojeratte_Children_person_29.jpg"", ""upper_body_crops\\727_Goojeratte_Children_person_30.jpg"", ""upper_body_crops\\727_Goojeratte_Children_person_31.jpg"", ""upper_body_crops\\727_Goojeratte_Children_person_32.jpg"", ""upper_body_crops\\727_Goojeratte_Children_person_33.jpg""]",complete,
728_Brahmins_of_the_Mahrattee_Country.jpg,people,group_6_plus,cropped_originals\728_Brahmins_of_the_Mahrattee_Country_cropped.jpg,colorized\728_Brahmins_of_the_Mahrattee_Country_color.png,full_restored\728_Brahmins_of_the_Mahrattee_Country_topaz.jpg,6,"[""upper_body_crops\\728_Brahmins_of_the_Mahrattee_Country_person_01.jpg"", ""upper_body_crops\\728_Brahmins_of_the_Mahrattee_Country_person_02.jpg"", ""upper_body_crops\\728_Brahmins_of_the_Mahrattee_Country_person_03.jpg"", ""upper_body_crops\\728_Brahmins_of_the_Mahrattee_Country_person_04.jpg"", ""upper_body_crops\\728_Brahmins_of_the_Mahrattee_Country_person_05.jpg"", ""upper_body_crops\\728_Brahmins_of_the_Mahrattee_Country_person_06.jpg""]",complete,
729_Brahmin_Women_of_the_Konkan.jpg,people,two_people,cropped_originals\729_Brahmin_Women_of_the_Konkan_cropped.jpg,colorized\729_Brahmin_Women_of_the_Konkan_color.png,full_restored\729_Brahmin_Women_of_the_Konkan_topaz.jpg,3,"[""upper_body_crops\\729_Brahmin_Women_of_the_Konkan_person_01.jpg"", ""upper_body_crops\\729_Brahmin_Women_of_the_Konkan_person_02.jpg"", ""upper_body_crops\\729_Brahmin_Women_of_the_Konkan_person_03.jpg""]",complete,
731_Camattee_Women.jpg,people,two_people,cropped_originals\731_Camattee_Women_cropped.jpg,colorized\731_Camattee_Women_color.png,full_restored\731_Camattee_Women_topaz.jpg,2,"[""upper_body_crops\\731_Camattee_Women_person_01.jpg"", ""upper_body_crops\\731_Camattee_Women_person_02.jpg""]",complete,
730_Chambars.jpg,people,group_3_to_5,cropped_originals\730_Chambars_cropped.jpg,colorized\730_Chambars_color.png,full_restored\730_Chambars_topaz.jpg,4,"[""upper_body_crops\\730_Chambars_person_01.jpg"", ""upper_body_crops\\730_Chambars_person_02.jpg"", ""upper_body_crops\\730_Chambars_person_03.jpg"", ""upper_body_crops\\730_Chambars_person_04.jpg""]",complete,
732_Canarese_Brahmin_Women.jpg,people,two_people,cropped_originals\732_Canarese_Brahmin_Women_cropped.jpg,colorized\732_Canarese_Brahmin_Women_color.png,full_restored\732_Canarese_Brahmin_Women_topaz.jpg,2,"[""upper_body_crops\\732_Canarese_Brahmin_Women_person_01.jpg"", ""upper_body_crops\\732_Canarese_Brahmin_Women_person_02.jpg""]",complete,
733_Agrees_or_Salt_Cultivators_of_Salsette.jpg,people,group_3_to_5,cropped_originals\733_Agrees_or_Salt_Cultivators_of_Salsette_cropped.jpg,colorized\733_Agrees_or_Salt_Cultivators_of_Salsette_color.png,full_restored\733_Agrees_or_Salt_Cultivators_of_Salsette_topaz.jpg,4,"[""upper_body_crops\\733_Agrees_or_Salt_Cultivators_of_Salsette_person_01.jpg"", ""upper_body_crops\\733_Agrees_or_Salt_Cultivators_of_Salsette_person_02.jpg"", ""upper_body_crops\\733_Agrees_or_Salt_Cultivators_of_Salsette_person_03.jpg"", ""upper_body_crops\\733_Agrees_or_Salt_Cultivators_of_Salsette_person_04.jpg""]",complete,
734_Mangs.jpg,people,group_6_plus,cropped_originals\734_Mangs_cropped.jpg,colorized\734_Mangs_color.png,full_restored\734_Mangs_topaz.jpg,6,"[""upper_body_crops\\734_Mangs_person_01.jpg"", ""upper_body_crops\\734_Mangs_person_02.jpg"", ""upper_body_crops\\734_Mangs_person_03.jpg"", ""upper_body_crops\\734_Mangs_person_04.jpg"", ""upper_body_crops\\734_Mangs_person_05.jpg"", ""upper_body_crops\\734_Mangs_person_06.jpg""]",complete,
735_Parsees_in_Plain_and_Holiday_Attire.jpg,people,group_3_to_5,cropped_originals\735_Parsees_in_Plain_and_Holiday_Attire_cropped.jpg,colorized\735_Parsees_in_Plain_and_Holiday_Attire_color.png,full_restored\735_Parsees_in_Plain_and_Holiday_Attire_topaz.jpg,3,"[""upper_body_crops\\735_Parsees_in_Plain_and_Holiday_Attire_person_01.jpg"", ""upper_body_crops\\735_Parsees_in_Plain_and_Holiday_Attire_person_02.jpg"", ""upper_body_crops\\735_Parsees_in_Plain_and_Holiday_Attire_person_03.jpg""]",complete,
736_Parsees.jpg,people,group_6_plus,cropped_originals\736_Parsees_cropped.jpg,colorized\736_Parsees_color.png,full_restored\736_Parsees_topaz.jpg,5,"[""upper_body_crops\\736_Parsees_person_01.jpg"", ""upper_body_crops\\736_Parsees_person_02.jpg"", ""upper_body_crops\\736_Parsees_person_03.jpg"", ""upper_body_crops\\736_Parsees_person_04.jpg"", ""upper_body_crops\\736_Parsees_person_05.jpg""]",complete,
737_A_Parsee_Family.jpg,people,group_3_to_5,cropped_originals\737_A_Parsee_Family_cropped.jpg,colorized\737_A_Parsee_Family_color.png,full_restored\737_A_Parsee_Family_topaz.jpg,4,"[""upper_body_crops\\737_A_Parsee_Family_person_01.jpg"", ""upper_body_crops\\737_A_Parsee_Family_person_02.jpg"", ""upper_body_crops\\737_A_Parsee_Family_person_03.jpg"", ""upper_body_crops\\737_A_Parsee_Family_person_04.jpg""]",complete,
738_Parsee_Priests.jpg,people,group_6_plus,cropped_originals\738_Parsee_Priests_cropped.jpg,colorized\738_Parsee_Priests_color.png,full_restored\738_Parsee_Priests_topaz.jpg,4,"[""upper_body_crops\\738_Parsee_Priests_person_01.jpg"", ""upper_body_crops\\738_Parsee_Priests_person_02.jpg"", ""upper_body_crops\\738_Parsee_Priests_person_03.jpg"", ""upper_body_crops\\738_Parsee_Priests_person_04.jpg""]",complete,
739_Goojerattee_Accountants.jpg,people,group_3_to_5,cropped_originals\739_Goojerattee_Accountants_cropped.jpg,colorized\739_Goojerattee_Accountants_color.png,full_restored\739_Goojerattee_Accountants_topaz.jpg,3,"[""upper_body_crops\\739_Goojerattee_Accountants_person_01.jpg"", ""upper_body_crops\\739_Goojerattee_Accountants_person_02.jpg"", ""upper_body_crops\\739_Goojerattee_Accountants_person_03.jpg""]",complete,
740_Goojerattee_Brokers.jpg,people,group_3_to_5,cropped_originals\740_Goojerattee_Brokers_cropped.jpg,colorized\740_Goojerattee_Brokers_color.png,full_restored\740_Goojerattee_Brokers_topaz.jpg,3,"[""upper_body_crops\\740_Goojerattee_Brokers_person_01.jpg"", ""upper_body_crops\\740_Goojerattee_Brokers_person_02.jpg"", ""upper_body_crops\\740_Goojerattee_Brokers_person_03.jpg""]",complete,
741_Marwarree_Brokers.jpg,people,group_3_to_5,cropped_originals\741_Marwarree_Brokers_cropped.jpg,colorized\741_Marwarree_Brokers_color.png,full_restored\741_Marwarree_Brokers_topaz.jpg,3,"[""upper_body_crops\\741_Marwarree_Brokers_person_01.jpg"", ""upper_body_crops\\741_Marwarree_Brokers_person_02.jpg"", ""upper_body_crops\\741_Marwarree_Brokers_person_03.jpg""]",complete,
743_A_Mahratta_Chief_and_his_Attendants.jpg,people,group_3_to_5,cropped_originals\743_A_Mahratta_Chief_and_his_Attendants_cropped.jpg,colorized\743_A_Mahratta_Chief_and_his_Attendants_color.png,full_restored\743_A_Mahratta_Chief_and_his_Attendants_topaz.jpg,3,"[""upper_body_crops\\743_A_Mahratta_Chief_and_his_Attendants_person_01.jpg"", ""upper_body_crops\\743_A_Mahratta_Chief_and_his_Attendants_person_02.jpg"", ""upper_body_crops\\743_A_Mahratta_Chief_and_his_Attendants_person_03.jpg""]",complete,
742_Byragees.jpg,people,group_3_to_5,cropped_originals\742_Byragees_cropped.jpg,colorized\742_Byragees_color.png,full_restored\742_Byragees_topaz.jpg,4,"[""upper_body_crops\\742_Byragees_person_01.jpg"", ""upper_body_crops\\742_Byragees_person_02.jpg"", ""upper_body_crops\\742_Byragees_person_03.jpg"", ""upper_body_crops\\742_Byragees_person_04.jpg""]",complete,
744_Lohannas.jpg,people,group_3_to_5,cropped_originals\744_Lohannas_cropped.jpg,colorized\744_Lohannas_color.png,full_restored\744_Lohannas_topaz.jpg,3,"[""upper_body_crops\\744_Lohannas_person_01.jpg"", ""upper_body_crops\\744_Lohannas_person_02.jpg"", ""upper_body_crops\\744_Lohannas_person_03.jpg""]",complete,
745_Mallees_or_Gardeners.jpg,people,group_3_to_5,cropped_originals\745_Mallees_or_Gardeners_cropped.jpg,colorized\745_Mallees_or_Gardeners_color.png,full_restored\745_Mallees_or_Gardeners_topaz.jpg,3,"[""upper_body_crops\\745_Mallees_or_Gardeners_person_01.jpg"", ""upper_body_crops\\745_Mallees_or_Gardeners_person_02.jpg"", ""upper_body_crops\\745_Mallees_or_Gardeners_person_03.jpg""]",complete,
747_Bhundaree_Women.jpg,people,group_3_to_5,cropped_originals\747_Bhundaree_Women_cropped.jpg,colorized\747_Bhundaree_Women_color.png,full_restored\747_Bhundaree_Women_topaz.jpg,3,"[""upper_body_crops\\747_Bhundaree_Women_person_01.jpg"", ""upper_body_crops\\747_Bhundaree_Women_person_02.jpg"", ""upper_body_crops\\747_Bhundaree_Women_person_03.jpg""]",complete,
746_Bhundarees.jpg,people,group_3_to_5,cropped_originals\746_Bhundarees_cropped.jpg,colorized\746_Bhundarees_color.png,full_restored\746_Bhundarees_topaz.jpg,3,"[""upper_body_crops\\746_Bhundarees_person_01.jpg"", ""upper_body_crops\\746_Bhundarees_person_02.jpg"", ""upper_body_crops\\746_Bhundarees_person_03.jpg""]",complete,
748_Coolie_Women.jpg,people,two_people,cropped_originals\748_Coolie_Women_cropped.jpg,colorized\748_Coolie_Women_color.png,full_restored\748_Coolie_Women_topaz.jpg,3,"[""upper_body_crops\\748_Coolie_Women_person_01.jpg"", ""upper_body_crops\\748_Coolie_Women_person_02.jpg"", ""upper_body_crops\\748_Coolie_Women_person_03.jpg""]",complete,
750_Knife_Grinders.jpg,people,group_3_to_5,cropped_originals\750_Knife_Grinders_cropped.jpg,colorized\750_Knife_Grinders_color.png,full_restored\750_Knife_Grinders_topaz.jpg,2,"[""upper_body_crops\\750_Knife_Grinders_person_01.jpg"", ""upper_body_crops\\750_Knife_Grinders_person_02.jpg""]",complete,
751_Bengalee_Shoemakers.jpg,people,group_3_to_5,cropped_originals\751_Bengalee_Shoemakers_cropped.jpg,colorized\751_Bengalee_Shoemakers_color.png,full_restored\751_Bengalee_Shoemakers_topaz.jpg,4,"[""upper_body_crops\\751_Bengalee_Shoemakers_person_01.jpg"", ""upper_body_crops\\751_Bengalee_Shoemakers_person_02.jpg"", ""upper_body_crops\\751_Bengalee_Shoemakers_person_03.jpg"", ""upper_body_crops\\751_Bengalee_Shoemakers_person_04.jpg""]",complete,
749_Wyeds_or_Itinerant_Doctors.jpg,people,group_3_to_5,cropped_originals\749_Wyeds_or_Itinerant_Doctors_cropped.jpg,colorized\749_Wyeds_or_Itinerant_Doctors_color.png,full_restored\749_Wyeds_or_Itinerant_Doctors_topaz.jpg,3,"[""upper_body_crops\\749_Wyeds_or_Itinerant_Doctors_person_01.jpg"", ""upper_body_crops\\749_Wyeds_or_Itinerant_Doctors_person_02.jpg"", ""upper_body_crops\\749_Wyeds_or_Itinerant_Doctors_person_03.jpg""]",complete,
752_Bangalore_Hamalls_or_Bearers.jpg,people,group_3_to_5,cropped_originals\752_Bangalore_Hamalls_or_Bearers_cropped.jpg,colorized\752_Bangalore_Hamalls_or_Bearers_color.png,full_restored\752_Bangalore_Hamalls_or_Bearers_topaz.jpg,4,"[""upper_body_crops\\752_Bangalore_Hamalls_or_Bearers_person_01.jpg"", ""upper_body_crops\\752_Bangalore_Hamalls_or_Bearers_person_02.jpg"", ""upper_body_crops\\752_Bangalore_Hamalls_or_Bearers_person_03.jpg"", ""upper_body_crops\\752_Bangalore_Hamalls_or_Bearers_person_04.jpg""]",complete,
754_Parwarree_Hamalls_or_Bearers.jpg,people,two_people,cropped_originals\754_Parwarree_Hamalls_or_Bearers_cropped.jpg,colorized\754_Parwarree_Hamalls_or_Bearers_color.png,full_restored\754_Parwarree_Hamalls_or_Bearers_topaz.jpg,2,"[""upper_body_crops\\754_Parwarree_Hamalls_or_Bearers_person_01.jpg"", ""upper_body_crops\\754_Parwarree_Hamalls_or_Bearers_person_02.jpg""]",complete,
753_Camattee_Hamalls_or_Bearers.jpg,people,group_3_to_5,cropped_originals\753_Camattee_Hamalls_or_Bearers_cropped.jpg,colorized\753_Camattee_Hamalls_or_Bearers_color.png,full_restored\753_Camattee_Hamalls_or_Bearers_topaz.jpg,5,"[""upper_body_crops\\753_Camattee_Hamalls_or_Bearers_person_01.jpg"", ""upper_body_crops\\753_Camattee_Hamalls_or_Bearers_person_02.jpg"", ""upper_body_crops\\753_Camattee_Hamalls_or_Bearers_person_03.jpg"", ""upper_body_crops\\753_Camattee_Hamalls_or_Bearers_person_04.jpg"", ""upper_body_crops\\753_Camattee_Hamalls_or_Bearers_person_05.jpg""]",complete,
755_Mahratta_Women_of_the_Konkan.jpg,people,group_3_to_5,cropped_originals\755_Mahratta_Women_of_the_Konkan_cropped.jpg,colorized\755_Mahratta_Women_of_the_Konkan_color.png,full_restored\755_Mahratta_Women_of_the_Konkan_topaz.jpg,4,"[""upper_body_crops\\755_Mahratta_Women_of_the_Konkan_person_01.jpg"", ""upper_body_crops\\755_Mahratta_Women_of_the_Konkan_person_02.jpg"", ""upper_body_crops\\755_Mahratta_Women_of_the_Konkan_person_03.jpg"", ""upper_body_crops\\755_Mahratta_Women_of_the_Konkan_person_04.jpg""]",complete,
757_A_Native_Durbar_or_Assembly.jpg,people,group_6_plus,cropped_originals\757_A_Native_Durbar_or_Assembly_cropped.jpg,colorized\757_A_Native_Durbar_or_Assembly_color.png,full_restored\757_A_Native_Durbar_or_Assembly_topaz.jpg,12,"[""upper_body_crops\\757_A_Native_Durbar_or_Assembly_person_01.jpg"", ""upper_body_crops\\757_A_Native_Durbar_or_Assembly_person_02.jpg"", ""upper_body_crops\\757_A_Native_Durbar_or_Assembly_person_03.jpg"", ""upper_body_crops\\757_A_Native_Durbar_or_Assembly_person_04.jpg"", ""upper_body_crops\\757_A_Native_Durbar_or_Assembly_person_05.jpg"", ""upper_body_crops\\757_A_Native_Durbar_or_Assembly_person_06.jpg"", ""upper_body_crops\\757_A_Native_Durbar_or_Assembly_person_07.jpg"", ""upper_body_crops\\757_A_Native_Durbar_or_Assembly_person_08.jpg"", ""upper_body_crops\\757_A_Native_Durbar_or_Assembly_person_09.jpg"", ""upper_body_crops\\757_A_Native_Durbar_or_Assembly_person_10.jpg"", ""upper_body_crops\\757_A_Native_Durbar_or_Assembly_person_11.jpg"", ""upper_body_crops\\757_A_Native_Durbar_or_Assembly_person_12.jpg""]",complete,
756_Ghattee_Hamalls_or_Bearers.jpg,people,group_6_plus,cropped_originals\756_Ghattee_Hamalls_or_Bearers_cropped.jpg,colorized\756_Ghattee_Hamalls_or_Bearers_color.png,full_restored\756_Ghattee_Hamalls_or_Bearers_topaz.jpg,6,"[""upper_body_crops\\756_Ghattee_Hamalls_or_Bearers_person_01.jpg"", ""upper_body_crops\\756_Ghattee_Hamalls_or_Bearers_person_02.jpg"", ""upper_body_crops\\756_Ghattee_Hamalls_or_Bearers_person_03.jpg"", ""upper_body_crops\\756_Ghattee_Hamalls_or_Bearers_person_04.jpg"", ""upper_body_crops\\756_Ghattee_Hamalls_or_Bearers_person_05.jpg"", ""upper_body_crops\\756_Ghattee_Hamalls_or_Bearers_person_06.jpg""]",complete,
758_A_Native_Chief_en_Route.jpg,people,group_6_plus,cropped_originals\758_A_Native_Chief_en_Route_cropped.jpg,colorized\758_A_Native_Chief_en_Route_color.png,full_restored\758_A_Native_Chief_en_Route_topaz.jpg,14,"[""upper_body_crops\\758_A_Native_Chief_en_Route_person_01.jpg"", ""upper_body_crops\\758_A_Native_Chief_en_Route_person_02.jpg"", ""upper_body_crops\\758_A_Native_Chief_en_Route_person_03.jpg"", ""upper_body_crops\\758_A_Native_Chief_en_Route_person_04.jpg"", ""upper_body_crops\\758_A_Native_Chief_en_Route_person_05.jpg"", ""upper_body_crops\\758_A_Native_Chief_en_Route_person_06.jpg"", ""upper_body_crops\\758_A_Native_Chief_en_Route_person_07.jpg"", ""upper_body_crops\\758_A_Native_Chief_en_Route_person_08.jpg"", ""upper_body_crops\\758_A_Native_Chief_en_Route_person_09.jpg"", ""upper_body_crops\\758_A_Native_Chief_en_Route_person_10.jpg"", ""upper_body_crops\\758_A_Native_Chief_en_Route_person_11.jpg"", ""upper_body_crops\\758_A_Native_Chief_en_Route_person_12.jpg"", ""upper_body_crops\\758_A_Native_Chief_en_Route_person_13.jpg"", ""upper_body_crops\\758_A_Native_Chief_en_Route_person_14.jpg""]",complete,
759_The_Cotton_Market_Bombay.jpg,people,group_6_plus,cropped_originals\759_The_Cotton_Market_Bombay_cropped.jpg,colorized\759_The_Cotton_Market_Bombay_color.png,full_restored\759_The_Cotton_Market_Bombay_topaz.jpg,10,"[""upper_body_crops\\759_The_Cotton_Market_Bombay_person_01.jpg"", ""upper_body_crops\\759_The_Cotton_Market_Bombay_person_02.jpg"", ""upper_body_crops\\759_The_Cotton_Market_Bombay_person_03.jpg"", ""upper_body_crops\\759_The_Cotton_Market_Bombay_person_04.jpg"", ""upper_body_crops\\759_The_Cotton_Market_Bombay_person_05.jpg"", ""upper_body_crops\\759_The_Cotton_Market_Bombay_person_06.jpg"", ""upper_body_crops\\759_The_Cotton_Market_Bombay_person_07.jpg"", ""upper_body_crops\\759_The_Cotton_Market_Bombay_person_08.jpg"", ""upper_body_crops\\759_The_Cotton_Market_Bombay_person_09.jpg"", ""upper_body_crops\\759_The_Cotton_Market_Bombay_person_10.jpg""]",complete,
760_Weighing_Cotton_Bombay.jpg,people,group_6_plus,cropped_originals\760_Weighing_Cotton_Bombay_cropped.jpg,colorized\760_Weighing_Cotton_Bombay_color.png,full_restored\760_Weighing_Cotton_Bombay_topaz.jpg,6,"[""upper_body_crops\\760_Weighing_Cotton_Bombay_person_01.jpg"", ""upper_body_crops\\760_Weighing_Cotton_Bombay_person_02.jpg"", ""upper_body_crops\\760_Weighing_Cotton_Bombay_person_03.jpg"", ""upper_body_crops\\760_Weighing_Cotton_Bombay_person_04.jpg"", ""upper_body_crops\\760_Weighing_Cotton_Bombay_person_05.jpg"", ""upper_body_crops\\760_Weighing_Cotton_Bombay_person_06.jpg""]",complete,
761_Hoozoor_Puttawallas_or_District_Peons.jpg,people,group_6_plus,cropped_originals\761_Hoozoor_Puttawallas_or_District_Peons_cropped.jpg,colorized\761_Hoozoor_Puttawallas_or_District_Peons_color.png,full_restored\761_Hoozoor_Puttawallas_or_District_Peons_topaz.jpg,5,"[""upper_body_crops\\761_Hoozoor_Puttawallas_or_District_Peons_person_01.jpg"", ""upper_body_crops\\761_Hoozoor_Puttawallas_or_District_Peons_person_02.jpg"", ""upper_body_crops\\761_Hoozoor_Puttawallas_or_District_Peons_person_03.jpg"", ""upper_body_crops\\761_Hoozoor_Puttawallas_or_District_Peons_person_04.jpg"", ""upper_body_crops\\761_Hoozoor_Puttawallas_or_District_Peons_person_05.jpg""]",complete,
762_The_Nawab_of_Savanoor_and_his_Sons.jpg,people,group_6_plus,cropped_originals\762_The_Nawab_of_Savanoor_and_his_Sons_cropped.jpg,colorized\762_The_Nawab_of_Savanoor_and_his_Sons_color.png,full_restored\762_The_Nawab_of_Savanoor_and_his_Sons_topaz.jpg,6,"[""upper_body_crops\\762_The_Nawab_of_Savanoor_and_his_Sons_person_01.jpg"", ""upper_body_crops\\762_The_Nawab_of_Savanoor_and_his_Sons_person_02.jpg"", ""upper_body_crops\\762_The_Nawab_of_Savanoor_and_his_Sons_person_03.jpg"", ""upper_body_crops\\762_The_Nawab_of_Savanoor_and_his_Sons_person_04.jpg"", ""upper_body_crops\\762_The_Nawab_of_Savanoor_and_his_Sons_person_05.jpg"", ""upper_body_crops\\762_The_Nawab_of_Savanoor_and_his_Sons_person_06.jpg""]",complete,
763_Mahommedan_Women_of_the_Dekham.jpg,people,group_3_to_5,cropped_originals\763_Mahommedan_Women_of_the_Dekham_cropped.jpg,colorized\763_Mahommedan_Women_of_the_Dekham_color.png,full_restored\763_Mahommedan_Women_of_the_Dekham_topaz.jpg,3,"[""upper_body_crops\\763_Mahommedan_Women_of_the_Dekham_person_01.jpg"", ""upper_body_crops\\763_Mahommedan_Women_of_the_Dekham_person_02.jpg"", ""upper_body_crops\\763_Mahommedan_Women_of_the_Dekham_person_03.jpg""]",complete,
764_Mahommedans_of_the_Konkan.jpg,people,group_3_to_5,cropped_originals\764_Mahommedans_of_the_Konkan_cropped.jpg,colorized\764_Mahommedans_of_the_Konkan_color.png,full_restored\764_Mahommedans_of_the_Konkan_topaz.jpg,5,"[""upper_body_crops\\764_Mahommedans_of_the_Konkan_person_01.jpg"", ""upper_body_crops\\764_Mahommedans_of_the_Konkan_person_02.jpg"", ""upper_body_crops\\764_Mahommedans_of_the_Konkan_person_03.jpg"", ""upper_body_crops\\764_Mahommedans_of_the_Konkan_person_04.jpg"", ""upper_body_crops\\764_Mahommedans_of_the_Konkan_person_05.jpg""]",complete,
767_Kojahs.jpg,people,group_6_plus,cropped_originals\767_Kojahs_cropped.jpg,colorized\767_Kojahs_color.png,full_restored\767_Kojahs_topaz.jpg,4,"[""upper_body_crops\\767_Kojahs_person_01.jpg"", ""upper_body_crops\\767_Kojahs_person_02.jpg"", ""upper_body_crops\\767_Kojahs_person_03.jpg"", ""upper_body_crops\\767_Kojahs_person_04.jpg""]",complete,
766_Mahommedan_Women_of_Surat.jpg,people,group_3_to_5,cropped_originals\766_Mahommedan_Women_of_Surat_cropped.jpg,colorized\766_Mahommedan_Women_of_Surat_color.png,full_restored\766_Mahommedan_Women_of_Surat_topaz.jpg,3,"[""upper_body_crops\\766_Mahommedan_Women_of_Surat_person_01.jpg"", ""upper_body_crops\\766_Mahommedan_Women_of_Surat_person_02.jpg"", ""upper_body_crops\\766_Mahommedan_Women_of_Surat_person_03.jpg""]",complete,
765_Bohoras.jpg,people,group_3_to_5,cropped_originals\765_Bohoras_cropped.jpg,colorized\765_Bohoras_color.png,full_restored\765_Bohoras_topaz.jpg,3,"[""upper_body_crops\\765_Bohoras_person_01.jpg"", ""upper_body_crops\\765_Bohoras_person_02.jpg"", ""upper_body_crops\\765_Bohoras_person_03.jpg""]",complete,
768_Mahrattas_of_the_Dekhan.jpg,people,group_3_to_5,cropped_originals\768_Mahrattas_of_the_Dekhan_cropped.jpg,colorized\768_Mahrattas_of_the_Dekhan_color.png,full_restored\768_Mahrattas_of_the_Dekhan_topaz.jpg,3,"[""upper_body_crops\\768_Mahrattas_of_the_Dekhan_person_01.jpg"", ""upper_body_crops\\768_Mahrattas_of_the_Dekhan_person_02.jpg"", ""upper_body_crops\\768_Mahrattas_of_the_Dekhan_person_03.jpg""]",complete,
769_Mehmans.jpg,people,group_6_plus,cropped_originals\769_Mehmans_cropped.jpg,colorized\769_Mehmans_color.png,full_restored\769_Mehmans_topaz.jpg,5,"[""upper_body_crops\\769_Mehmans_person_01.jpg"", ""upper_body_crops\\769_Mehmans_person_02.jpg"", ""upper_body_crops\\769_Mehmans_person_03.jpg"", ""upper_body_crops\\769_Mehmans_person_04.jpg"", ""upper_body_crops\\769_Mehmans_person_05.jpg""]",complete,
770_Mehman_Women.jpg,people,group_6_plus,cropped_originals\770_Mehman_Women_cropped.jpg,colorized\770_Mehman_Women_color.png,full_restored\770_Mehman_Women_topaz.jpg,4,"[""upper_body_crops\\770_Mehman_Women_person_01.jpg"", ""upper_body_crops\\770_Mehman_Women_person_02.jpg"", ""upper_body_crops\\770_Mehman_Women_person_03.jpg"", ""upper_body_crops\\770_Mehman_Women_person_04.jpg""]",complete,
772_Mahommedan_Beggars.jpg,people,group_3_to_5,cropped_originals\772_Mahommedan_Beggars_cropped.jpg,colorized\772_Mahommedan_Beggars_color.png,full_restored\772_Mahommedan_Beggars_topaz.jpg,6,"[""upper_body_crops\\772_Mahommedan_Beggars_person_01.jpg"", ""upper_body_crops\\772_Mahommedan_Beggars_person_02.jpg"", ""upper_body_crops\\772_Mahommedan_Beggars_person_03.jpg"", ""upper_body_crops\\772_Mahommedan_Beggars_person_04.jpg"", ""upper_body_crops\\772_Mahommedan_Beggars_person_05.jpg"", ""upper_body_crops\\772_Mahommedan_Beggars_person_06.jpg""]",complete,
773_Bene_Israels.jpg,people,group_6_plus,cropped_originals\773_Bene_Israels_cropped.jpg,colorized\773_Bene_Israels_color.png,full_restored\773_Bene_Israels_topaz.jpg,5,"[""upper_body_crops\\773_Bene_Israels_person_01.jpg"", ""upper_body_crops\\773_Bene_Israels_person_02.jpg"", ""upper_body_crops\\773_Bene_Israels_person_03.jpg"", ""upper_body_crops\\773_Bene_Israels_person_04.jpg"", ""upper_body_crops\\773_Bene_Israels_person_05.jpg""]",complete,
771_Mahommedan_Boatman_of_Bombay.jpg,people,group_3_to_5,cropped_originals\771_Mahommedan_Boatman_of_Bombay_cropped.jpg,colorized\771_Mahommedan_Boatman_of_Bombay_color.png,full_restored\771_Mahommedan_Boatman_of_Bombay_topaz.jpg,4,"[""upper_body_crops\\771_Mahommedan_Boatman_of_Bombay_person_01.jpg"", ""upper_body_crops\\771_Mahommedan_Boatman_of_Bombay_person_02.jpg"", ""upper_body_crops\\771_Mahommedan_Boatman_of_Bombay_person_03.jpg"", ""upper_body_crops\\771_Mahommedan_Boatman_of_Bombay_person_04.jpg""]",complete,
774_Parbhoos.jpg,people,group_3_to_5,cropped_originals\774_Parbhoos_cropped.jpg,colorized\774_Parbhoos_color.png,full_restored\774_Parbhoos_topaz.jpg,6,"[""upper_body_crops\\774_Parbhoos_person_01.jpg"", ""upper_body_crops\\774_Parbhoos_person_02.jpg"", ""upper_body_crops\\774_Parbhoos_person_03.jpg"", ""upper_body_crops\\774_Parbhoos_person_04.jpg"", ""upper_body_crops\\774_Parbhoos_person_05.jpg"", ""upper_body_crops\\774_Parbhoos_person_06.jpg""]",complete,
775_Parboo_Women.jpg,people,group_3_to_5,cropped_originals\775_Parboo_Women_cropped.jpg,colorized\775_Parboo_Women_color.png,full_restored\775_Parboo_Women_topaz.jpg,2,"[""upper_body_crops\\775_Parboo_Women_person_01.jpg"", ""upper_body_crops\\775_Parboo_Women_person_02.jpg""]",complete,
776_Parbhoo_Children.jpg,people,group_3_to_5,cropped_originals\776_Parbhoo_Children_cropped.jpg,colorized\776_Parbhoo_Children_color.png,full_restored\776_Parbhoo_Children_topaz.jpg,4,"[""upper_body_crops\\776_Parbhoo_Children_person_01.jpg"", ""upper_body_crops\\776_Parbhoo_Children_person_02.jpg"", ""upper_body_crops\\776_Parbhoo_Children_person_03.jpg"", ""upper_body_crops\\776_Parbhoo_Children_person_04.jpg""]",complete,
777_Assyrian_Jews.jpg,people,two_people,cropped_originals\777_Assyrian_Jews_cropped.jpg,colorized\777_Assyrian_Jews_color.png,full_restored\777_Assyrian_Jews_topaz.jpg,2,"[""upper_body_crops\\777_Assyrian_Jews_person_01.jpg"", ""upper_body_crops\\777_Assyrian_Jews_person_02.jpg""]",complete,
778_Native_Christian_Women_of_Salsette_Bombay.jpg,people,group_3_to_5,cropped_originals\778_Native_Christian_Women_of_Salsette_Bombay_cropped.jpg,colorized\778_Native_Christian_Women_of_Salsette_Bombay_color.png,full_restored\778_Native_Christian_Women_of_Salsette_Bombay_topaz.jpg,5,"[""upper_body_crops\\778_Native_Christian_Women_of_Salsette_Bombay_person_01.jpg"", ""upper_body_crops\\778_Native_Christian_Women_of_Salsette_Bombay_person_02.jpg"", ""upper_body_crops\\778_Native_Christian_Women_of_Salsette_Bombay_person_03.jpg"", ""upper_body_crops\\778_Native_Christian_Women_of_Salsette_Bombay_person_04.jpg"", ""upper_body_crops\\778_Native_Christian_Women_of_Salsette_Bombay_person_05.jpg""]",complete,
779_Native_Converts_to_Christianity.jpg,people,group_3_to_5,cropped_originals\779_Native_Converts_to_Christianity_cropped.jpg,colorized\779_Native_Converts_to_Christianity_color.png,full_restored\779_Native_Converts_to_Christianity_topaz.jpg,4,"[""upper_body_crops\\779_Native_Converts_to_Christianity_person_01.jpg"", ""upper_body_crops\\779_Native_Converts_to_Christianity_person_02.jpg"", ""upper_body_crops\\779_Native_Converts_to_Christianity_person_03.jpg"", ""upper_body_crops\\779_Native_Converts_to_Christianity_person_04.jpg""]",complete,
